modbus.byte_cnt,modbus.data,modbus.func_code,modbus.reference_num,modbus.regnum16,modbus.regval_uint16,modbus.request_frame,modbus.word_cnt,ip.src,ip.dst,eth.src,eth.dst,label
,,3,0.0,,,,10.0,10.20.4.200,10.20.4.100,mac-b,mac-a,0
20.0,,3,,"0,1,2,3,4,5,6,7,8,9","29797,29556,8224,8224,8224,8224,8224,8224,8224,8224",33.0,,10.20.4.100,10.20.4.200,mac-a,mac-b,0
,,3,0.0,,,,10.0,10.20.4.200,10.20.4.100,mac-b,mac-a,0
20.0,,3,,"0,1,2,3,4,5,6,7,8,9","29797,29556,8224,8224,8224,8224,8224,8224,8224,8224",111.0,,10.20.4.100,10.20.4.200,mac-a,mac-b,0
,,3,0.0,,,,10.0,10.20.4.200,10.20.4.100,mac-b,mac-a,0
20.0,,3,,"0,1,2,3,4,5,6,7,8,9","29797,29556,8224,8224,8224,8224,8224,8224,8224,8224",181.0,,10.20.4.100,10.20.4.200,mac-a,mac-b,0
,,3,0.0,,,,10.0,10.20.4.200,10.20.4.100,mac-b,mac-a,0
20.0,,3,,"0,1,2,3,4,5,6,7,8,9","29797,29556,8224,8224,8224,8224,8224,8224,8224,8224",256.0,,10.20.4.100,10.20.4.200,mac-a,mac-b,0
,,3,0.0,,,,10.0,10.20.4.200,10.20.4.100,mac-b,mac-a,0
20.0,,3,,"0,1,2,3,4,5,6,7,8,9","29797,29556,8224,8224,8224,8224,8224,8224,8224,8224",327.0,,10.20.4.100,10.20.4.200,mac-a,mac-b,0
,,3,0.0,,,,10.0,10.20.4.200,10.20.4.100,mac-b,mac-a,0
20.0,,3,,"0,1,2,3,4,5,6,7,8,9","29797,29556,8224,8224,8224,8224,8224,8224,8224,8224",401.0,,10.20.4.100,10.20.4.200,mac-a,mac-b,0
,,3,0.0,,,,10.0,10.20.4.200,10.20.4.100,mac-b,mac-a,0
20.0,,3,,"0,1,2,3,4,5,6,7,8,9","29797,29556,8224,8224,8224,8224,8224,8224,8224,8224",455.0,,10.20.4.100,10.20.4.200,mac-a,mac-b,0
,,3,0.0,,,,10.0,10.20.4.200,10.20.4.100,mac-b,mac-a,0
20.0,,3,,"0,1,2,3,4,5,6,7,8,9","29797,29556,8224,8224,8224,8224,8224,8224,8224,8224",534.0,,10.20.4.100,10.20.4.200,mac-a,mac-b,0
,,3,0.0,,,,10.0,10.20.4.200,10.20.4.100,mac-b,mac-a,0
20.0,,3,,"0,1,2,3,4,5,6,7,8,9","29797,29556,8224,8224,8224,8224,8224,8224,8224,8224",593.0,,10.20.4.100,10.20.4.200,mac-a,mac-b,0
,,3,0.0,,,,10.0,10.20.4.200,10.20.4.100,mac-b,mac-a,0
20.0,,3,,"0,1,2,3,4,5,6,7,8,9","29797,29556,8224,8224,8224,8224,8224,8224,8224,8224",652.0,,10.20.4.100,10.20.4.200,mac-a,mac-b,0
,,3,0.0,,,,10.0,10.20.4.200,10.20.4.100,mac-b,mac-a,0
20.0,,3,,"0,1,2,3,4,5,6,7,8,9","29797,29556,8224,8224,8224,8224,8224,8224,8224,8224",707.0,,10.20.4.100,10.20.4.200,mac-a,mac-b,0
,,3,0.0,,,,10.0,10.20.4.200,10.20.4.100,mac-b,mac-a,0
20.0,,3,,"0,1,2,3,4,5,6,7,8,9","29797,29556,8224,8224,8224,8224,8224,8224,8224,8224",776.0,,10.20.4.100,10.20.4.200,mac-a,mac-b,0
,,3,0.0,,,,10.0,10.20.4.200,10.20.4.100,mac-b,mac-a,0
20.0,,3,,"0,1,2,3,4,5,6,7,8,9","29797,29556,8224,8224,8224,8224,8224,8224,8224,8224",831.0,,10.20.4.100,10.20.4.200,mac-a,mac-b,0
,,3,0.0,,,,10.0,10.20.4.200,10.20.4.100,mac-b,mac-a,0
20.0,,3,,"0,1,2,3,4,5,6,7,8,9","29797,29556,8224,8224,8224,8224,8224,8224,8224,8224",901.0,,10.20.4.100,10.20.4.200,mac-a,mac-b,0
,,3,0.0,,,,10.0,10.20.4.200,10.20.4.100,mac-b,mac-a,0
20.0,,3,,"0,1,2,3,4,5,6,7,8,9","29797,29556,8224,8224,8224,8224,8224,8224,8224,8224",960.0,,10.20.4.100,10.20.4.200,mac-a,mac-b,0
,,3,0.0,,,,10.0,10.20.4.200,10.20.4.100,mac-b,mac-a,0
20.0,,3,,"0,1,2,3,4,5,6,7,8,9","29797,29556,8224,8224,8224,8224,8224,8224,8224,8224",1065.0,,10.20.4.100,10.20.4.200,mac-a,mac-b,0
,,3,0.0,,,,10.0,10.20.4.200,10.20.4.100,mac-b,mac-a,0
20.0,,3,,"0,1,2,3,4,5,6,7,8,9","29797,29556,8224,8224,8224,8224,8224,8224,8224,8224",1141.0,,10.20.4.100,10.20.4.200,mac-a,mac-b,0
,,3,0.0,,,,10.0,10.20.4.200,10.20.4.100,mac-b,mac-a,0
20.0,,3,,"0,1,2,3,4,5,6,7,8,9","29797,29556,8224,8224,8224,8224,8224,8224,8224,8224",1218.0,,10.20.4.100,10.20.4.200,mac-a,mac-b,0
,,3,0.0,,,,10.0,10.20.4.200,10.20.4.100,mac-b,mac-a,0
20.0,,3,,"0,1,2,3,4,5,6,7,8,9","29797,29556,8224,8224,8224,8224,8224,8224,8224,8224",1293.0,,10.20.4.100,10.20.4.200,mac-a,mac-b,0
,,3,0.0,,,,10.0,10.20.4.200,10.20.4.100,mac-b,mac-a,0
20.0,,3,,"0,1,2,3,4,5,6,7,8,9","29797,29556,8224,8224,8224,8224,8224,8224,8224,8224",1381.0,,10.20.4.100,10.20.4.200,mac-a,mac-b,0
,,3,0.0,,,,10.0,10.20.4.200,10.20.4.100,mac-b,mac-a,0
20.0,,3,,"0,1,2,3,4,5,6,7,8,9","29797,29556,8224,8224,8224,8224,8224,8224,8224,8224",1462.0,,10.20.4.100,10.20.4.200,mac-a,mac-b,0
,,3,0.0,,,,10.0,10.20.4.200,10.20.4.100,mac-b,mac-a,0
20.0,,3,,"0,1,2,3,4,5,6,7,8,9","29797,29556,8224,8224,8224,8224,8224,8224,8224,8224",1531.0,,10.20.4.100,10.20.4.200,mac-a,mac-b,0
,,3,0.0,,,,10.0,10.20.4.200,10.20.4.100,mac-b,mac-a,0
20.0,,3,,"0,1,2,3,4,5,6,7,8,9","29797,29556,8224,8224,8224,8224,8224,8224,8224,8224",1605.0,,10.20.4.100,10.20.4.200,mac-a,mac-b,0
,,3,0.0,,,,10.0,10.20.4.200,10.20.4.100,mac-b,mac-a,0
20.0,,3,,"0,1,2,3,4,5,6,7,8,9","29797,29556,8224,8224,8224,8224,8224,8224,8224,8224",1681.0,,10.20.4.100,10.20.4.200,mac-a,mac-b,0
,,3,0.0,,,,10.0,10.20.4.200,10.20.4.100,mac-b,mac-a,0
20.0,,3,,"0,1,2,3,4,5,6,7,8,9","29797,29556,8224,8224,8224,8224,8224,8224,8224,8224",1745.0,,10.20.4.100,10.20.4.200,mac-a,mac-b,0
,,3,0.0,,,,10.0,10.20.4.200,10.20.4.100,mac-b,mac-a,0
20.0,,3,,"0,1,2,3,4,5,6,7,8,9","29797,29556,8224,8224,8224,8224,8224,8224,8224,8224",1853.0,,10.20.4.100,10.20.4.200,mac-a,mac-b,0
,,3,0.0,,,,10.0,10.20.4.200,10.20.4.100,mac-b,mac-a,0
20.0,,3,,"0,1,2,3,4,5,6,7,8,9","29797,29556,8224,8224,8224,8224,8224,8224,8224,8224",1940.0,,10.20.4.100,10.20.4.200,mac-a,mac-b,0
,,3,0.0,,,,10.0,10.20.4.200,10.20.4.100,mac-b,mac-a,0
20.0,,3,,"0,1,2,3,4,5,6,7,8,9","29797,29556,8224,8224,8224,8224,8224,8224,8224,8224",2020.0,,10.20.4.100,10.20.4.200,mac-a,mac-b,0
,,3,0.0,,,,10.0,10.20.4.200,10.20.4.100,mac-b,mac-a,0
20.0,,3,,"0,1,2,3,4,5,6,7,8,9","29797,29556,8224,8224,8224,8224,8224,8224,8224,8224",2103.0,,10.20.4.100,10.20.4.200,mac-a,mac-b,0
,,3,0.0,,,,10.0,10.20.4.200,10.20.4.100,mac-b,mac-a,0
20.0,,3,,"0,1,2,3,4,5,6,7,8,9","29797,29556,8224,8224,8224,8224,8224,8224,8224,8224",2189.0,,10.20.4.100,10.20.4.200,mac-a,mac-b,0
,,3,0.0,,,,10.0,10.20.4.200,10.20.4.100,mac-b,mac-a,0
20.0,,3,,"0,1,2,3,4,5,6,7,8,9","29797,29556,8224,8224,8224,8224,8224,8224,8224,8224",2261.0,,10.20.4.100,10.20.4.200,mac-a,mac-b,0
,,3,0.0,,,,10.0,10.20.4.200,10.20.4.100,mac-b,mac-a,0
20.0,,3,,"0,1,2,3,4,5,6,7,8,9","29797,29556,8224,8224,8224,8224,8224,8224,8224,8224",2351.0,,10.20.4.100,10.20.4.200,mac-a,mac-b,0
,,3,0.0,,,,10.0,10.20.4.200,10.20.4.100,mac-b,mac-a,0
20.0,,3,,"0,1,2,3,4,5,6,7,8,9","29797,29556,8224,8224,8224,8224,8224,8224,8224,8224",2424.0,,10.20.4.100,10.20.4.200,mac-a,mac-b,0
,,3,0.0,,,,10.0,10.20.4.200,10.20.4.100,mac-b,mac-a,0
20.0,,3,,"0,1,2,3,4,5,6,7,8,9","29797,29556,8224,8224,8224,8224,8224,8224,8224,8224",2498.0,,10.20.4.100,10.20.4.200,mac-a,mac-b,0
,,3,0.0,,,,10.0,10.20.4.200,10.20.4.100,mac-b,mac-a,0
20.0,,3,,"0,1,2,3,4,5,6,7,8,9","29797,29556,8224,8224,8224,8224,8224,8224,8224,8224",2568.0,,10.20.4.100,10.20.4.200,mac-a,mac-b,0
,,3,0.0,,,,10.0,10.20.4.200,10.20.4.100,mac-b,mac-a,0
20.0,,3,,"0,1,2,3,4,5,6,7,8,9","29797,29556,8224,8224,8224,8224,8224,8224,8224,8224",2637.0,,10.20.4.100,10.20.4.200,mac-a,mac-b,0
,,3,0.0,,,,10.0,10.20.4.200,10.20.4.100,mac-b,mac-a,0
20.0,,3,,"0,1,2,3,4,5,6,7,8,9","29797,29556,8224,8224,8224,8224,8224,8224,8224,8224",2702.0,,10.20.4.100,10.20.4.200,mac-a,mac-b,0
,,3,0.0,,,,10.0,10.20.4.200,10.20.4.100,mac-b,mac-a,0
20.0,,3,,"0,1,2,3,4,5,6,7,8,9","29797,29556,8224,8224,8224,8224,8224,8224,8224,8224",2786.0,,10.20.4.100,10.20.4.200,mac-a,mac-b,0
,,3,0.0,,,,10.0,10.20.4.200,10.20.4.100,mac-b,mac-a,0
20.0,,3,,"0,1,2,3,4,5,6,7,8,9","29797,29556,8224,8224,8224,8224,8224,8224,8224,8224",2853.0,,10.20.4.100,10.20.4.200,mac-a,mac-b,0
,,3,0.0,,,,10.0,10.20.4.200,10.20.4.100,mac-b,mac-a,0
20.0,,3,,"0,1,2,3,4,5,6,7,8,9","29797,29556,8224,8224,8224,8224,8224,8224,8224,8224",2933.0,,10.20.4.100,10.20.4.200,mac-a,mac-b,0
,,3,0.0,,,,10.0,10.20.4.200,10.20.4.100,mac-b,mac-a,0
20.0,,3,,"0,1,2,3,4,5,6,7,8,9","29797,29556,8224,8224,8224,8224,8224,8224,8224,8224",3004.0,,10.20.4.100,10.20.4.200,mac-a,mac-b,0
,,3,0.0,,,,10.0,10.20.4.200,10.20.4.100,mac-b,mac-a,0
20.0,,3,,"0,1,2,3,4,5,6,7,8,9","29797,29556,8224,8224,8224,8224,8224,8224,8224,8224",3068.0,,10.20.4.100,10.20.4.200,mac-a,mac-b,0
,,3,0.0,,,,10.0,10.20.4.200,10.20.4.100,mac-b,mac-a,0
20.0,,3,,"0,1,2,3,4,5,6,7,8,9","29797,29556,8224,8224,8224,8224,8224,8224,8224,8224",3131.0,,10.20.4.100,10.20.4.200,mac-a,mac-b,0
,,3,0.0,,,,10.0,10.20.4.200,10.20.4.100,mac-b,mac-a,0
20.0,,3,,"0,1,2,3,4,5,6,7,8,9","29797,29556,8224,8224,8224,8224,8224,8224,8224,8224",3210.0,,10.20.4.100,10.20.4.200,mac-a,mac-b,0
,,3,0.0,,,,10.0,10.20.4.200,10.20.4.100,mac-b,mac-a,0
20.0,,3,,"0,1,2,3,4,5,6,7,8,9","29797,29556,8224,8224,8224,8224,8224,8224,8224,8224",3283.0,,10.20.4.100,10.20.4.200,mac-a,mac-b,0
,,3,0.0,,,,10.0,10.20.4.200,10.20.4.100,mac-b,mac-a,0
20.0,,3,,"0,1,2,3,4,5,6,7,8,9","29797,29556,8224,8224,8224,8224,8224,8224,8224,8224",3367.0,,10.20.4.100,10.20.4.200,mac-a,mac-b,0
,,3,0.0,,,,10.0,10.20.4.200,10.20.4.100,mac-b,mac-a,0
20.0,,3,,"0,1,2,3,4,5,6,7,8,9","29797,29556,8224,8224,8224,8224,8224,8224,8224,8224",3452.0,,10.20.4.100,10.20.4.200,mac-a,mac-b,0
,,3,0.0,,,,10.0,10.20.4.200,10.20.4.100,mac-b,mac-a,0
20.0,,3,,"0,1,2,3,4,5,6,7,8,9","29797,29556,8224,8224,8224,8224,8224,8224,8224,8224",3527.0,,10.20.4.100,10.20.4.200,mac-a,mac-b,0
,,3,0.0,,,,10.0,10.20.4.200,10.20.4.100,mac-b,mac-a,0
20.0,,3,,"0,1,2,3,4,5,6,7,8,9","29797,29556,8224,8224,8224,8224,8224,8224,8224,8224",3589.0,,10.20.4.100,10.20.4.200,mac-a,mac-b,0
,,3,0.0,,,,10.0,10.20.4.200,10.20.4.100,mac-b,mac-a,0
20.0,,3,,"0,1,2,3,4,5,6,7,8,9","29797,29556,8224,8224,8224,8224,8224,8224,8224,8224",3674.0,,10.20.4.100,10.20.4.200,mac-a,mac-b,0
,,3,0.0,,,,10.0,10.20.4.200,10.20.4.100,mac-b,mac-a,0
20.0,,3,,"0,1,2,3,4,5,6,7,8,9","29797,29556,8224,8224,8224,8224,8224,8224,8224,8224",3745.0,,10.20.4.100,10.20.4.200,mac-a,mac-b,0
,,3,0.0,,,,10.0,10.20.4.200,10.20.4.100,mac-b,mac-a,0
20.0,,3,,"0,1,2,3,4,5,6,7,8,9","29797,29556,8224,8224,8224,8224,8224,8224,8224,8224",3805.0,,10.20.4.100,10.20.4.200,mac-a,mac-b,0
,,3,0.0,,,,10.0,10.20.4.200,10.20.4.100,mac-b,mac-a,0
20.0,,3,,"0,1,2,3,4,5,6,7,8,9","29797,29556,8224,8224,8224,8224,8224,8224,8224,8224",3878.0,,10.20.4.100,10.20.4.200,mac-a,mac-b,0
,,3,0.0,,,,10.0,10.20.4.200,10.20.4.100,mac-b,mac-a,0
20.0,,3,,"0,1,2,3,4,5,6,7,8,9","29797,29556,8224,8224,8224,8224,8224,8224,8224,8224",3957.0,,10.20.4.100,10.20.4.200,mac-a,mac-b,0
,,3,0.0,,,,10.0,10.20.4.200,10.20.4.100,mac-b,mac-a,0
20.0,,3,,"0,1,2,3,4,5,6,7,8,9","29797,29556,8224,8224,8224,8224,8224,8224,8224,8224",4023.0,,10.20.4.100,10.20.4.200,mac-a,mac-b,0
,,3,0.0,,,,10.0,10.20.4.200,10.20.4.100,mac-b,mac-a,0
20.0,,3,,"0,1,2,3,4,5,6,7,8,9","29797,29556,8224,8224,8224,8224,8224,8224,8224,8224",4102.0,,10.20.4.100,10.20.4.200,mac-a,mac-b,0
,,3,0.0,,,,10.0,10.20.4.200,10.20.4.100,mac-b,mac-a,0
20.0,,3,,"0,1,2,3,4,5,6,7,8,9","29797,29556,8224,8224,8224,8224,8224,8224,8224,8224",4174.0,,10.20.4.100,10.20.4.200,mac-a,mac-b,0
,,3,0.0,,,,10.0,10.20.4.200,10.20.4.100,mac-b,mac-a,0
20.0,,3,,"0,1,2,3,4,5,6,7,8,9","29797,29556,8224,8224,8224,8224,8224,8224,8224,8224",4233.0,,10.20.4.100,10.20.4.200,mac-a,mac-b,0
,,3,0.0,,,,10.0,10.20.4.200,10.20.4.100,mac-b,mac-a,0
20.0,,3,,"0,1,2,3,4,5,6,7,8,9","29797,29556,8224,8224,8224,8224,8224,8224,8224,8224",4307.0,,10.20.4.100,10.20.4.200,mac-a,mac-b,0
,,3,0.0,,,,10.0,10.20.4.200,10.20.4.100,mac-b,mac-a,0
20.0,,3,,"0,1,2,3,4,5,6,7,8,9","29797,29556,8224,8224,8224,8224,8224,8224,8224,8224",4369.0,,10.20.4.100,10.20.4.200,mac-a,mac-b,0
,,3,0.0,,,,10.0,10.20.4.200,10.20.4.100,mac-b,mac-a,0
20.0,,3,,"0,1,2,3,4,5,6,7,8,9","29797,29556,8224,8224,8224,8224,8224,8224,8224,8224",4433.0,,10.20.4.100,10.20.4.200,mac-a,mac-b,0
,,3,0.0,,,,10.0,10.20.4.200,10.20.4.100,mac-b,mac-a,0
20.0,,3,,"0,1,2,3,4,5,6,7,8,9","29797,29556,8224,8224,8224,8224,8224,8224,8224,8224",4512.0,,10.20.4.100,10.20.4.200,mac-a,mac-b,0
,,3,0.0,,,,10.0,10.20.4.200,10.20.4.100,mac-b,mac-a,0
20.0,,3,,"0,1,2,3,4,5,6,7,8,9","29797,29556,8224,8224,8224,8224,8224,8224,8224,8224",4579.0,,10.20.4.100,10.20.4.200,mac-a,mac-b,0
,,3,0.0,,,,10.0,10.20.4.200,10.20.4.100,mac-b,mac-a,0
20.0,,3,,"0,1,2,3,4,5,6,7,8,9","29797,29556,8224,8224,8224,8224,8224,8224,8224,8224",4638.0,,10.20.4.100,10.20.4.200,mac-a,mac-b,0
,,3,0.0,,,,10.0,10.20.4.200,10.20.4.100,mac-b,mac-a,0
20.0,,3,,"0,1,2,3,4,5,6,7,8,9","29797,29556,8224,8224,8224,8224,8224,8224,8224,8224",4711.0,,10.20.4.100,10.20.4.200,mac-a,mac-b,0
,,3,0.0,,,,10.0,10.20.4.200,10.20.4.100,mac-b,mac-a,0
20.0,,3,,"0,1,2,3,4,5,6,7,8,9","29797,29556,8224,8224,8224,8224,8224,8224,8224,8224",4773.0,,10.20.4.100,10.20.4.200,mac-a,mac-b,0
,,3,0.0,,,,10.0,10.20.4.200,10.20.4.100,mac-b,mac-a,0
20.0,,3,,"0,1,2,3,4,5,6,7,8,9","29797,29556,8224,8224,8224,8224,8224,8224,8224,8224",4850.0,,10.20.4.100,10.20.4.200,mac-a,mac-b,0
,,3,0.0,,,,10.0,10.20.4.200,10.20.4.100,mac-b,mac-a,0
20.0,,3,,"0,1,2,3,4,5,6,7,8,9","29797,29556,8224,8224,8224,8224,8224,8224,8224,8224",4934.0,,10.20.4.100,10.20.4.200,mac-a,mac-b,0
,,3,0.0,,,,10.0,10.20.4.200,10.20.4.100,mac-b,mac-a,0
20.0,,3,,"0,1,2,3,4,5,6,7,8,9","29797,29556,8224,8224,8224,8224,8224,8224,8224,8224",5013.0,,10.20.4.100,10.20.4.200,mac-a,mac-b,0
,,3,0.0,,,,10.0,10.20.4.200,10.20.4.100,mac-b,mac-a,0
20.0,,3,,"0,1,2,3,4,5,6,7,8,9","29797,29556,8224,8224,8224,8224,8224,8224,8224,8224",5078.0,,10.20.4.100,10.20.4.200,mac-a,mac-b,0
,,3,0.0,,,,10.0,10.20.4.200,10.20.4.100,mac-b,mac-a,0
20.0,,3,,"0,1,2,3,4,5,6,7,8,9","29797,29556,8224,8224,8224,8224,8224,8224,8224,8224",5158.0,,10.20.4.100,10.20.4.200,mac-a,mac-b,0
,,3,0.0,,,,10.0,10.20.4.200,10.20.4.100,mac-b,mac-a,0
20.0,,3,,"0,1,2,3,4,5,6,7,8,9","29797,29556,8224,8224,8224,8224,8224,8224,8224,8224",5225.0,,10.20.4.100,10.20.4.200,mac-a,mac-b,0
,,3,0.0,,,,10.0,10.20.4.200,10.20.4.100,mac-b,mac-a,0
20.0,,3,,"0,1,2,3,4,5,6,7,8,9","29797,29556,8224,8224,8224,8224,8224,8224,8224,8224",5290.0,,10.20.4.100,10.20.4.200,mac-a,mac-b,0
,,3,0.0,,,,10.0,10.20.4.200,10.20.4.100,mac-b,mac-a,0
20.0,,3,,"0,1,2,3,4,5,6,7,8,9","29797,29556,8224,8224,8224,8224,8224,8224,8224,8224",5380.0,,10.20.4.100,10.20.4.200,mac-a,mac-b,0
,,3,0.0,,,,10.0,10.20.4.200,10.20.4.100,mac-b,mac-a,0
20.0,,3,,"0,1,2,3,4,5,6,7,8,9","29797,29556,8224,8224,8224,8224,8224,8224,8224,8224",5451.0,,10.20.4.100,10.20.4.200,mac-a,mac-b,0
,,3,0.0,,,,10.0,10.20.4.200,10.20.4.100,mac-b,mac-a,0
20.0,,3,,"0,1,2,3,4,5,6,7,8,9","29797,29556,8224,8224,8224,8224,8224,8224,8224,8224",5514.0,,10.20.4.100,10.20.4.200,mac-a,mac-b,0
,,3,0.0,,,,10.0,10.20.4.200,10.20.4.100,mac-b,mac-a,0
20.0,,3,,"0,1,2,3,4,5,6,7,8,9","29797,29556,8224,8224,8224,8224,8224,8224,8224,8224",5598.0,,10.20.4.100,10.20.4.200,mac-a,mac-b,0
,,3,0.0,,,,10.0,10.20.4.200,10.20.4.100,mac-b,mac-a,0
20.0,,3,,"0,1,2,3,4,5,6,7,8,9","29797,29556,8224,8224,8224,8224,8224,8224,8224,8224",5667.0,,10.20.4.100,10.20.4.200,mac-a,mac-b,0
,,3,0.0,,,,10.0,10.20.4.200,10.20.4.100,mac-b,mac-a,0
20.0,,3,,"0,1,2,3,4,5,6,7,8,9","29797,29556,8224,8224,8224,8224,8224,8224,8224,8224",5742.0,,10.20.4.100,10.20.4.200,mac-a,mac-b,0
,,3,0.0,,,,10.0,10.20.4.200,10.20.4.100,mac-b,mac-a,0
20.0,,3,,"0,1,2,3,4,5,6,7,8,9","29797,29556,8224,8224,8224,8224,8224,8224,8224,8224",5848.0,,10.20.4.100,10.20.4.200,mac-a,mac-b,0
,,3,0.0,,,,10.0,10.20.4.200,10.20.4.100,mac-b,mac-a,0
20.0,,3,,"0,1,2,3,4,5,6,7,8,9","29797,29556,8224,8224,8224,8224,8224,8224,8224,8224",5951.0,,10.20.4.100,10.20.4.200,mac-a,mac-b,0
,,3,0.0,,,,10.0,10.20.4.200,10.20.4.100,mac-b,mac-a,0
20.0,,3,,"0,1,2,3,4,5,6,7,8,9","29797,29556,8224,8224,8224,8224,8224,8224,8224,8224",6022.0,,10.20.4.100,10.20.4.200,mac-a,mac-b,0
,,3,0.0,,,,10.0,10.20.4.200,10.20.4.100,mac-b,mac-a,0
20.0,,3,,"0,1,2,3,4,5,6,7,8,9","29797,29556,8224,8224,8224,8224,8224,8224,8224,8224",6114.0,,10.20.4.100,10.20.4.200,mac-a,mac-b,0
,,3,0.0,,,,10.0,10.20.4.200,10.20.4.100,mac-b,mac-a,0
20.0,,3,,"0,1,2,3,4,5,6,7,8,9","29797,29556,8224,8224,8224,8224,8224,8224,8224,8224",6176.0,,10.20.4.100,10.20.4.200,mac-a,mac-b,0
,,3,0.0,,,,10.0,10.20.4.200,10.20.4.100,mac-b,mac-a,0
20.0,,3,,"0,1,2,3,4,5,6,7,8,9","29797,29556,8224,8224,8224,8224,8224,8224,8224,8224",6240.0,,10.20.4.100,10.20.4.200,mac-a,mac-b,0
,,3,0.0,,,,10.0,10.20.4.200,10.20.4.100,mac-b,mac-a,0
20.0,,3,,"0,1,2,3,4,5,6,7,8,9","29797,29556,8224,8224,8224,8224,8224,8224,8224,8224",6323.0,,10.20.4.100,10.20.4.200,mac-a,mac-b,0
,,3,0.0,,,,10.0,10.20.4.200,10.20.4.100,mac-b,mac-a,0
20.0,,3,,"0,1,2,3,4,5,6,7,8,9","29797,29556,8224,8224,8224,8224,8224,8224,8224,8224",6389.0,,10.20.4.100,10.20.4.200,mac-a,mac-b,0
,,3,0.0,,,,10.0,10.20.4.200,10.20.4.100,mac-b,mac-a,0
20.0,,3,,"0,1,2,3,4,5,6,7,8,9","29797,29556,8224,8224,8224,8224,8224,8224,8224,8224",6450.0,,10.20.4.100,10.20.4.200,mac-a,mac-b,0
,,3,0.0,,,,10.0,10.20.4.200,10.20.4.100,mac-b,mac-a,0
20.0,,3,,"0,1,2,3,4,5,6,7,8,9","29797,29556,8224,8224,8224,8224,8224,8224,8224,8224",6526.0,,10.20.4.100,10.20.4.200,mac-a,mac-b,0
,,3,0.0,,,,10.0,10.20.4.200,10.20.4.100,mac-b,mac-a,0
20.0,,3,,"0,1,2,3,4,5,6,7,8,9","29797,29556,8224,8224,8224,8224,8224,8224,8224,8224",6587.0,,10.20.4.100,10.20.4.200,mac-a,mac-b,0
,,3,0.0,,,,10.0,10.20.4.200,10.20.4.100,mac-b,mac-a,0
20.0,,3,,"0,1,2,3,4,5,6,7,8,9","29797,29556,8224,8224,8224,8224,8224,8224,8224,8224",6650.0,,10.20.4.100,10.20.4.200,mac-a,mac-b,0
,,3,0.0,,,,10.0,10.20.4.200,10.20.4.100,mac-b,mac-a,0
20.0,,3,,"0,1,2,3,4,5,6,7,8,9","29797,29556,8224,8224,8224,8224,8224,8224,8224,8224",6729.0,,10.20.4.100,10.20.4.200,mac-a,mac-b,0
,,3,0.0,,,,10.0,10.20.4.200,10.20.4.100,mac-b,mac-a,0
20.0,,3,,"0,1,2,3,4,5,6,7,8,9","29797,29556,8224,8224,8224,8224,8224,8224,8224,8224",6795.0,,10.20.4.100,10.20.4.200,mac-a,mac-b,0
,,3,0.0,,,,10.0,10.20.4.200,10.20.4.100,mac-b,mac-a,0
20.0,,3,,"0,1,2,3,4,5,6,7,8,9","29797,29556,8224,8224,8224,8224,8224,8224,8224,8224",6860.0,,10.20.4.100,10.20.4.200,mac-a,mac-b,0
,,3,0.0,,,,10.0,10.20.4.200,10.20.4.100,mac-b,mac-a,0
20.0,,3,,"0,1,2,3,4,5,6,7,8,9","29797,29556,8224,8224,8224,8224,8224,8224,8224,8224",6958.0,,10.20.4.100,10.20.4.200,mac-a,mac-b,0
,,3,0.0,,,,10.0,10.20.4.200,10.20.4.100,mac-b,mac-a,0
20.0,,3,,"0,1,2,3,4,5,6,7,8,9","29797,29556,8224,8224,8224,8224,8224,8224,8224,8224",7017.0,,10.20.4.100,10.20.4.200,mac-a,mac-b,0
,,3,0.0,,,,10.0,10.20.4.150,10.20.4.100,mac-c,mac-a,1
20.0,,3,,"0,1,2,3,4,5,6,7,8,9","29797,29556,8224,8224,8224,8224,8224,8224,8224,8224",7056.0,,10.20.4.100,10.20.4.150,mac-a,mac-c,1
,,3,0.0,,,,10.0,10.20.4.200,10.20.4.100,mac-b,mac-a,0
20.0,,3,,"0,1,2,3,4,5,6,7,8,9","29797,29556,8224,8224,8224,8224,8224,8224,8224,8224",7095.0,,10.20.4.100,10.20.4.200,mac-a,mac-b,0
,,3,0.0,,,,10.0,10.20.4.200,10.20.4.100,mac-b,mac-a,0
20.0,,3,,"0,1,2,3,4,5,6,7,8,9","29797,29556,8224,8224,8224,8224,8224,8224,8224,8224",7184.0,,10.20.4.100,10.20.4.200,mac-a,mac-b,0
,,3,0.0,,,,10.0,10.20.4.200,10.20.4.100,mac-b,mac-a,0
20.0,,3,,"0,1,2,3,4,5,6,7,8,9","29797,29556,8224,8224,8224,8224,8224,8224,8224,8224",7244.0,,10.20.4.100,10.20.4.200,mac-a,mac-b,0
,,3,0.0,,,,10.0,10.20.4.200,10.20.4.100,mac-b,mac-a,0
20.0,,3,,"0,1,2,3,4,5,6,7,8,9","29797,29556,8224,8224,8224,8224,8224,8224,8224,8224",7296.0,,10.20.4.100,10.20.4.200,mac-a,mac-b,0
,,3,0.0,,,,10.0,10.20.4.200,10.20.4.100,mac-b,mac-a,0
20.0,,3,,"0,1,2,3,4,5,6,7,8,9","29797,29556,8224,8224,8224,8224,8224,8224,8224,8224",7355.0,,10.20.4.100,10.20.4.200,mac-a,mac-b,0
,,3,0.0,,,,10.0,10.20.4.200,10.20.4.100,mac-b,mac-a,0
20.0,,3,,"0,1,2,3,4,5,6,7,8,9","29797,29556,8224,8224,8224,8224,8224,8224,8224,8224",7408.0,,10.20.4.100,10.20.4.200,mac-a,mac-b,0
,,3,0.0,,,,10.0,10.20.4.150,10.20.4.100,mac-c,mac-a,1
20.0,,3,,"0,1,2,3,4,5,6,7,8,9","29797,29556,8224,8224,8224,8224,8224,8224,8224,8224",7432.0,,10.20.4.100,10.20.4.150,mac-a,mac-c,1
,,3,0.0,,,,10.0,10.20.4.200,10.20.4.100,mac-b,mac-a,0
20.0,,3,,"0,1,2,3,4,5,6,7,8,9","29797,29556,8224,8224,8224,8224,8224,8224,8224,8224",7475.0,,10.20.4.100,10.20.4.200,mac-a,mac-b,0
,,3,0.0,,,,10.0,10.20.4.200,10.20.4.100,mac-b,mac-a,0
20.0,,3,,"0,1,2,3,4,5,6,7,8,9","29797,29556,8224,8224,8224,8224,8224,8224,8224,8224",7554.0,,10.20.4.100,10.20.4.200,mac-a,mac-b,0
,,3,0.0,,,,10.0,10.20.4.200,10.20.4.100,mac-b,mac-a,0
20.0,,3,,"0,1,2,3,4,5,6,7,8,9","29797,29556,8224,8224,8224,8224,8224,8224,8224,8224",7607.0,,10.20.4.100,10.20.4.200,mac-a,mac-b,0
,,3,0.0,,,,10.0,10.20.4.200,10.20.4.100,mac-b,mac-a,0
20.0,,3,,"0,1,2,3,4,5,6,7,8,9","29797,29556,8224,8224,8224,8224,8224,8224,8224,8224",7660.0,,10.20.4.100,10.20.4.200,mac-a,mac-b,0
,,3,0.0,,,,10.0,10.20.4.200,10.20.4.100,mac-b,mac-a,0
20.0,,3,,"0,1,2,3,4,5,6,7,8,9","29797,29556,8224,8224,8224,8224,8224,8224,8224,8224",7723.0,,10.20.4.100,10.20.4.200,mac-a,mac-b,0
,,3,0.0,,,,10.0,10.20.4.200,10.20.4.100,mac-b,mac-a,0
20.0,,3,,"0,1,2,3,4,5,6,7,8,9","29797,29556,8224,8224,8224,8224,8224,8224,8224,8224",7783.0,,10.20.4.100,10.20.4.200,mac-a,mac-b,0
,,3,0.0,,,,10.0,10.20.4.150,10.20.4.100,mac-c,mac-a,1
20.0,,3,,"0,1,2,3,4,5,6,7,8,9","29797,29556,8224,8224,8224,8224,8224,8224,8224,8224",7812.0,,10.20.4.100,10.20.4.150,mac-a,mac-c,1
,,3,0.0,,,,10.0,10.20.4.200,10.20.4.100,mac-b,mac-a,0
20.0,,3,,"0,1,2,3,4,5,6,7,8,9","29797,29556,8224,8224,8224,8224,8224,8224,8224,8224",7861.0,,10.20.4.100,10.20.4.200,mac-a,mac-b,0
,,3,0.0,,,,10.0,10.20.4.200,10.20.4.100,mac-b,mac-a,0
20.0,,3,,"0,1,2,3,4,5,6,7,8,9","29797,29556,8224,8224,8224,8224,8224,8224,8224,8224",7950.0,,10.20.4.100,10.20.4.200,mac-a,mac-b,0
,,3,0.0,,,,10.0,10.20.4.200,10.20.4.100,mac-b,mac-a,0
20.0,,3,,"0,1,2,3,4,5,6,7,8,9","29797,29556,8224,8224,8224,8224,8224,8224,8224,8224",8001.0,,10.20.4.100,10.20.4.200,mac-a,mac-b,0
,,3,0.0,,,,10.0,10.20.4.200,10.20.4.100,mac-b,mac-a,0
20.0,,3,,"0,1,2,3,4,5,6,7,8,9","29797,29556,8224,8224,8224,8224,8224,8224,8224,8224",8054.0,,10.20.4.100,10.20.4.200,mac-a,mac-b,0
,,3,0.0,,,,10.0,10.20.4.200,10.20.4.100,mac-b,mac-a,0
20.0,,3,,"0,1,2,3,4,5,6,7,8,9","29797,29556,8224,8224,8224,8224,8224,8224,8224,8224",8111.0,,10.20.4.100,10.20.4.200,mac-a,mac-b,0
,,3,0.0,,,,10.0,10.20.4.200,10.20.4.100,mac-b,mac-a,0
20.0,,3,,"0,1,2,3,4,5,6,7,8,9","29797,29556,8224,8224,8224,8224,8224,8224,8224,8224",8165.0,,10.20.4.100,10.20.4.200,mac-a,mac-b,0
,,3,0.0,,,,10.0,10.20.4.150,10.20.4.100,mac-c,mac-a,1
20.0,,3,,"0,1,2,3,4,5,6,7,8,9","29797,29556,8224,8224,8224,8224,8224,8224,8224,8224",8188.0,,10.20.4.100,10.20.4.150,mac-a,mac-c,1
,,3,0.0,,,,10.0,10.20.4.200,10.20.4.100,mac-b,mac-a,0
20.0,,3,,"0,1,2,3,4,5,6,7,8,9","29797,29556,8224,8224,8224,8224,8224,8224,8224,8224",8234.0,,10.20.4.100,10.20.4.200,mac-a,mac-b,0
,,3,0.0,,,,10.0,10.20.4.200,10.20.4.100,mac-b,mac-a,0
20.0,,3,,"0,1,2,3,4,5,6,7,8,9","29797,29556,8224,8224,8224,8224,8224,8224,8224,8224",8312.0,,10.20.4.100,10.20.4.200,mac-a,mac-b,0
,,3,0.0,,,,10.0,10.20.4.200,10.20.4.100,mac-b,mac-a,0
20.0,,3,,"0,1,2,3,4,5,6,7,8,9","29797,29556,8224,8224,8224,8224,8224,8224,8224,8224",8363.0,,10.20.4.100,10.20.4.200,mac-a,mac-b,0
,,3,0.0,,,,10.0,10.20.4.200,10.20.4.100,mac-b,mac-a,0
20.0,,3,,"0,1,2,3,4,5,6,7,8,9","29797,29556,8224,8224,8224,8224,8224,8224,8224,8224",8420.0,,10.20.4.100,10.20.4.200,mac-a,mac-b,0
,,3,0.0,,,,10.0,10.20.4.200,10.20.4.100,mac-b,mac-a,0
20.0,,3,,"0,1,2,3,4,5,6,7,8,9","29797,29556,8224,8224,8224,8224,8224,8224,8224,8224",8541.0,,10.20.4.100,10.20.4.200,mac-a,mac-b,0
,,3,0.0,,,,10.0,10.20.4.200,10.20.4.100,mac-b,mac-a,0
20.0,,3,,"0,1,2,3,4,5,6,7,8,9","29797,29556,8224,8224,8224,8224,8224,8224,8224,8224",8609.0,,10.20.4.100,10.20.4.200,mac-a,mac-b,0
,,3,0.0,,,,10.0,10.20.4.150,10.20.4.100,mac-c,mac-a,1
20.0,,3,,"0,1,2,3,4,5,6,7,8,9","29797,29556,8224,8224,8224,8224,8224,8224,8224,8224",8634.0,,10.20.4.100,10.20.4.150,mac-a,mac-c,1
,,3,0.0,,,,10.0,10.20.4.200,10.20.4.100,mac-b,mac-a,0
20.0,,3,,"0,1,2,3,4,5,6,7,8,9","29797,29556,8224,8224,8224,8224,8224,8224,8224,8224",8681.0,,10.20.4.100,10.20.4.200,mac-a,mac-b,0
,,3,0.0,,,,10.0,10.20.4.200,10.20.4.100,mac-b,mac-a,0
20.0,,3,,"0,1,2,3,4,5,6,7,8,9","29797,29556,8224,8224,8224,8224,8224,8224,8224,8224",8774.0,,10.20.4.100,10.20.4.200,mac-a,mac-b,0
,,3,0.0,,,,10.0,10.20.4.200,10.20.4.100,mac-b,mac-a,0
20.0,,3,,"0,1,2,3,4,5,6,7,8,9","29797,29556,8224,8224,8224,8224,8224,8224,8224,8224",8832.0,,10.20.4.100,10.20.4.200,mac-a,mac-b,0
,,3,0.0,,,,10.0,10.20.4.200,10.20.4.100,mac-b,mac-a,0
20.0,,3,,"0,1,2,3,4,5,6,7,8,9","29797,29556,8224,8224,8224,8224,8224,8224,8224,8224",8886.0,,10.20.4.100,10.20.4.200,mac-a,mac-b,0
,,3,0.0,,,,10.0,10.20.4.200,10.20.4.100,mac-b,mac-a,0
20.0,,3,,"0,1,2,3,4,5,6,7,8,9","29797,29556,8224,8224,8224,8224,8224,8224,8224,8224",8943.0,,10.20.4.100,10.20.4.200,mac-a,mac-b,0
,,3,0.0,,,,10.0,10.20.4.200,10.20.4.100,mac-b,mac-a,0
20.0,,3,,"0,1,2,3,4,5,6,7,8,9","29797,29556,8224,8224,8224,8224,8224,8224,8224,8224",8994.0,,10.20.4.100,10.20.4.200,mac-a,mac-b,0
,25:2b,6,0.0,,,,,10.20.4.150,10.20.4.100,mac-c,mac-a,1
,25:2b,6,0.0,,,9018.0,,10.20.4.100,10.20.4.150,mac-a,mac-c,1
,e4:5a,6,1.0,,,,,10.20.4.150,10.20.4.100,mac-c,mac-a,1
,e4:5a,6,1.0,,,9036.0,,10.20.4.100,10.20.4.150,mac-a,mac-c,1
,dd:7d,6,2.0,,,,,10.20.4.150,10.20.4.100,mac-c,mac-a,1
,dd:7d,6,2.0,,,9055.0,,10.20.4.100,10.20.4.150,mac-a,mac-c,1
,5a:8b,6,3.0,,,,,10.20.4.150,10.20.4.100,mac-c,mac-a,1
,5a:8b,6,3.0,,,9074.0,,10.20.4.100,10.20.4.150,mac-a,mac-c,1
,e9:2e,6,4.0,,,,,10.20.4.150,10.20.4.100,mac-c,mac-a,1
,e9:2e,6,4.0,,,9092.0,,10.20.4.100,10.20.4.150,mac-a,mac-c,1
,d1:cd,6,5.0,,,,,10.20.4.150,10.20.4.100,mac-c,mac-a,1
,d1:cd,6,5.0,,,9110.0,,10.20.4.100,10.20.4.150,mac-a,mac-c,1
,11:d6,6,6.0,,,,,10.20.4.150,10.20.4.100,mac-c,mac-a,1
,11:d6,6,6.0,,,9128.0,,10.20.4.100,10.20.4.150,mac-a,mac-c,1
,66:20,6,7.0,,,,,10.20.4.150,10.20.4.100,mac-c,mac-a,1
,66:20,6,7.0,,,9146.0,,10.20.4.100,10.20.4.150,mac-a,mac-c,1
,73:58,6,8.0,,,,,10.20.4.150,10.20.4.100,mac-c,mac-a,1
,73:58,6,8.0,,,9164.0,,10.20.4.100,10.20.4.150,mac-a,mac-c,1
,b5:7a,6,9.0,,,,,10.20.4.150,10.20.4.100,mac-c,mac-a,1
,b5:7a,6,9.0,,,9182.0,,10.20.4.100,10.20.4.150,mac-a,mac-c,1
,,3,0.0,,,,10.0,10.20.4.200,10.20.4.100,mac-b,mac-a,0
20.0,,3,,"0,1,2,3,4,5,6,7,8,9","9515,58458,56701,23179,59694,53709,4566,26144,29528,46458",9229.0,,10.20.4.100,10.20.4.200,mac-a,mac-b,0
,,3,0.0,,,,10.0,10.20.4.200,10.20.4.100,mac-b,mac-a,0
20.0,,3,,"0,1,2,3,4,5,6,7,8,9","9515,58458,56701,23179,59694,53709,4566,26144,29528,46458",9309.0,,10.20.4.100,10.20.4.200,mac-a,mac-b,0
,21:13,6,0.0,,,,,10.20.4.150,10.20.4.100,mac-c,mac-a,1
,21:13,6,0.0,,,9333.0,,10.20.4.100,10.20.4.150,mac-a,mac-c,1
,f8:c9,6,1.0,,,,,10.20.4.150,10.20.4.100,mac-c,mac-a,1
,f8:c9,6,1.0,,,9351.0,,10.20.4.100,10.20.4.150,mac-a,mac-c,1
,b7:00,6,2.0,,,,,10.20.4.150,10.20.4.100,mac-c,mac-a,1
,b7:00,6,2.0,,,9369.0,,10.20.4.100,10.20.4.150,mac-a,mac-c,1
,7b:aa,6,3.0,,,,,10.20.4.150,10.20.4.100,mac-c,mac-a,1
,7b:aa,6,3.0,,,9387.0,,10.20.4.100,10.20.4.150,mac-a,mac-c,1
,dd:0b,6,4.0,,,,,10.20.4.150,10.20.4.100,mac-c,mac-a,1
,dd:0b,6,4.0,,,9405.0,,10.20.4.100,10.20.4.150,mac-a,mac-c,1
,41:07,6,5.0,,,,,10.20.4.150,10.20.4.100,mac-c,mac-a,1
,41:07,6,5.0,,,9423.0,,10.20.4.100,10.20.4.150,mac-a,mac-c,1
,41:da,6,6.0,,,,,10.20.4.150,10.20.4.100,mac-c,mac-a,1
,41:da,6,6.0,,,9445.0,,10.20.4.100,10.20.4.150,mac-a,mac-c,1
,fb:71,6,7.0,,,,,10.20.4.150,10.20.4.100,mac-c,mac-a,1
,fb:71,6,7.0,,,9463.0,,10.20.4.100,10.20.4.150,mac-a,mac-c,1
,13:e7,6,8.0,,,,,10.20.4.150,10.20.4.100,mac-c,mac-a,1
,13:e7,6,8.0,,,9481.0,,10.20.4.100,10.20.4.150,mac-a,mac-c,1
,f2:9c,6,9.0,,,,,10.20.4.150,10.20.4.100,mac-c,mac-a,1
,f2:9c,6,9.0,,,9499.0,,10.20.4.100,10.20.4.150,mac-a,mac-c,1
,,3,0.0,,,,10.0,10.20.4.200,10.20.4.100,mac-b,mac-a,0
20.0,,3,,"0,1,2,3,4,5,6,7,8,9","8467,63689,46848,31658,56587,16647,16858,64369,5095,62108",9540.0,,10.20.4.100,10.20.4.200,mac-a,mac-b,0
,,3,0.0,,,,10.0,10.20.4.200,10.20.4.100,mac-b,mac-a,0
20.0,,3,,"0,1,2,3,4,5,6,7,8,9","8467,63689,46848,31658,56587,16647,16858,64369,5095,62108",9603.0,,10.20.4.100,10.20.4.200,mac-a,mac-b,0
,92:95,6,0.0,,,,,10.20.4.150,10.20.4.100,mac-c,mac-a,1
,92:95,6,0.0,,,9635.0,,10.20.4.100,10.20.4.150,mac-a,mac-c,1
,f5:a9,6,1.0,,,,,10.20.4.150,10.20.4.100,mac-c,mac-a,1
,f5:a9,6,1.0,,,9653.0,,10.20.4.100,10.20.4.150,mac-a,mac-c,1
,21:0d,6,2.0,,,,,10.20.4.150,10.20.4.100,mac-c,mac-a,1
,21:0d,6,2.0,,,9671.0,,10.20.4.100,10.20.4.150,mac-a,mac-c,1
,9a:d1,6,3.0,,,,,10.20.4.150,10.20.4.100,mac-c,mac-a,1
,9a:d1,6,3.0,,,9689.0,,10.20.4.100,10.20.4.150,mac-a,mac-c,1
,36:2e,6,4.0,,,,,10.20.4.150,10.20.4.100,mac-c,mac-a,1
,36:2e,6,4.0,,,9707.0,,10.20.4.100,10.20.4.150,mac-a,mac-c,1
,bf:2b,6,5.0,,,,,10.20.4.150,10.20.4.100,mac-c,mac-a,1
,bf:2b,6,5.0,,,9725.0,,10.20.4.100,10.20.4.150,mac-a,mac-c,1
,f6:c8,6,6.0,,,,,10.20.4.150,10.20.4.100,mac-c,mac-a,1
,f6:c8,6,6.0,,,9743.0,,10.20.4.100,10.20.4.150,mac-a,mac-c,1
,f2:e5,6,7.0,,,,,10.20.4.150,10.20.4.100,mac-c,mac-a,1
,f2:e5,6,7.0,,,9762.0,,10.20.4.100,10.20.4.150,mac-a,mac-c,1
,62:67,6,8.0,,,,,10.20.4.150,10.20.4.100,mac-c,mac-a,1
,62:67,6,8.0,,,9780.0,,10.20.4.100,10.20.4.150,mac-a,mac-c,1
,f1:39,6,9.0,,,,,10.20.4.150,10.20.4.100,mac-c,mac-a,1
,f1:39,6,9.0,,,9798.0,,10.20.4.100,10.20.4.150,mac-a,mac-c,1
,,3,0.0,,,,10.0,10.20.4.200,10.20.4.100,mac-b,mac-a,0
20.0,,3,,"0,1,2,3,4,5,6,7,8,9","37525,62889,8461,39633,13870,48939,63176,62181,25191,61753",9851.0,,10.20.4.100,10.20.4.200,mac-a,mac-b,0
,,3,0.0,,,,10.0,10.20.4.200,10.20.4.100,mac-b,mac-a,0
20.0,,3,,"0,1,2,3,4,5,6,7,8,9","37525,62889,8461,39633,13870,48939,63176,62181,25191,61753",9903.0,,10.20.4.100,10.20.4.200,mac-a,mac-b,0
,5a:3e,6,0.0,,,,,10.20.4.150,10.20.4.100,mac-c,mac-a,1
,5a:3e,6,0.0,,,9933.0,,10.20.4.100,10.20.4.150,mac-a,mac-c,1
,c5:74,6,1.0,,,,,10.20.4.150,10.20.4.100,mac-c,mac-a,1
,c5:74,6,1.0,,,9951.0,,10.20.4.100,10.20.4.150,mac-a,mac-c,1
,24:e8,6,2.0,,,,,10.20.4.150,10.20.4.100,mac-c,mac-a,1
,24:e8,6,2.0,,,9969.0,,10.20.4.100,10.20.4.150,mac-a,mac-c,1
,e0:04,6,3.0,,,,,10.20.4.150,10.20.4.100,mac-c,mac-a,1
,e0:04,6,3.0,,,9987.0,,10.20.4.100,10.20.4.150,mac-a,mac-c,1
,9d:ba,6,4.0,,,,,10.20.4.150,10.20.4.100,mac-c,mac-a,1
,9d:ba,6,4.0,,,10005.0,,10.20.4.100,10.20.4.150,mac-a,mac-c,1
,f2:6a,6,5.0,,,,,10.20.4.150,10.20.4.100,mac-c,mac-a,1
,f2:6a,6,5.0,,,10023.0,,10.20.4.100,10.20.4.150,mac-a,mac-c,1
,ea:c2,6,6.0,,,,,10.20.4.150,10.20.4.100,mac-c,mac-a,1
,ea:c2,6,6.0,,,10041.0,,10.20.4.100,10.20.4.150,mac-a,mac-c,1
,74:e1,6,7.0,,,,,10.20.4.150,10.20.4.100,mac-c,mac-a,1
,74:e1,6,7.0,,,10059.0,,10.20.4.100,10.20.4.150,mac-a,mac-c,1
,44:f2,6,8.0,,,,,10.20.4.150,10.20.4.100,mac-c,mac-a,1
,44:f2,6,8.0,,,10077.0,,10.20.4.100,10.20.4.150,mac-a,mac-c,1
,b0:c7,6,9.0,,,,,10.20.4.150,10.20.4.100,mac-c,mac-a,1
,b0:c7,6,9.0,,,10095.0,,10.20.4.100,10.20.4.150,mac-a,mac-c,1
,,3,0.0,,,,10.0,10.20.4.200,10.20.4.100,mac-b,mac-a,0
20.0,,3,,"0,1,2,3,4,5,6,7,8,9","23102,50548,9448,57348,40378,62058,60098,29921,17650,45255",10144.0,,10.20.4.100,10.20.4.200,mac-a,mac-b,0
,,3,0.0,,,,10.0,10.20.4.200,10.20.4.100,mac-b,mac-a,0
20.0,,3,,"0,1,2,3,4,5,6,7,8,9","23102,50548,9448,57348,40378,62058,60098,29921,17650,45255",10220.0,,10.20.4.100,10.20.4.200,mac-a,mac-b,0
,97:f9,6,0.0,,,,,10.20.4.150,10.20.4.100,mac-c,mac-a,1
,97:f9,6,0.0,,,10252.0,,10.20.4.100,10.20.4.150,mac-a,mac-c,1
,9d:7f,6,1.0,,,,,10.20.4.150,10.20.4.100,mac-c,mac-a,1
,9d:7f,6,1.0,,,10270.0,,10.20.4.100,10.20.4.150,mac-a,mac-c,1
,2c:8e,6,2.0,,,,,10.20.4.150,10.20.4.100,mac-c,mac-a,1
,2c:8e,6,2.0,,,10288.0,,10.20.4.100,10.20.4.150,mac-a,mac-c,1
,81:a9,6,3.0,,,,,10.20.4.150,10.20.4.100,mac-c,mac-a,1
,81:a9,6,3.0,,,10306.0,,10.20.4.100,10.20.4.150,mac-a,mac-c,1
,74:80,6,4.0,,,,,10.20.4.150,10.20.4.100,mac-c,mac-a,1
,74:80,6,4.0,,,10324.0,,10.20.4.100,10.20.4.150,mac-a,mac-c,1
,c5:95,6,5.0,,,,,10.20.4.150,10.20.4.100,mac-c,mac-a,1
,c5:95,6,5.0,,,10342.0,,10.20.4.100,10.20.4.150,mac-a,mac-c,1
,80:9b,6,6.0,,,,,10.20.4.150,10.20.4.100,mac-c,mac-a,1
,80:9b,6,6.0,,,10360.0,,10.20.4.100,10.20.4.150,mac-a,mac-c,1
,63:92,6,7.0,,,,,10.20.4.150,10.20.4.100,mac-c,mac-a,1
,63:92,6,7.0,,,10378.0,,10.20.4.100,10.20.4.150,mac-a,mac-c,1
,b1:21,6,8.0,,,,,10.20.4.150,10.20.4.100,mac-c,mac-a,1
,b1:21,6,8.0,,,10396.0,,10.20.4.100,10.20.4.150,mac-a,mac-c,1
,86:37,6,9.0,,,,,10.20.4.150,10.20.4.100,mac-c,mac-a,1
,86:37,6,9.0,,,10414.0,,10.20.4.100,10.20.4.150,mac-a,mac-c,1
,,3,0.0,,,,10.0,10.20.4.200,10.20.4.100,mac-b,mac-a,0
20.0,,3,,"0,1,2,3,4,5,6,7,8,9","38905,40319,11406,33193,29824,50581,32923,25490,45345,34359",10455.0,,10.20.4.100,10.20.4.200,mac-a,mac-b,0
,,3,0.0,,,,10.0,10.20.4.200,10.20.4.100,mac-b,mac-a,0
20.0,,3,,"0,1,2,3,4,5,6,7,8,9","38905,40319,11406,33193,29824,50581,32923,25490,45345,34359",10529.0,,10.20.4.100,10.20.4.200,mac-a,mac-b,0
,99:e4,6,0.0,,,,,10.20.4.150,10.20.4.100,mac-c,mac-a,1
,99:e4,6,0.0,,,10563.0,,10.20.4.100,10.20.4.150,mac-a,mac-c,1
,7d:f5,6,1.0,,,,,10.20.4.150,10.20.4.100,mac-c,mac-a,1
,7d:f5,6,1.0,,,10581.0,,10.20.4.100,10.20.4.150,mac-a,mac-c,1
,2d:44,6,2.0,,,,,10.20.4.150,10.20.4.100,mac-c,mac-a,1
,2d:44,6,2.0,,,10599.0,,10.20.4.100,10.20.4.150,mac-a,mac-c,1
,10:3f,6,3.0,,,,,10.20.4.150,10.20.4.100,mac-c,mac-a,1
,10:3f,6,3.0,,,10619.0,,10.20.4.100,10.20.4.150,mac-a,mac-c,1
,3b:7a,6,4.0,,,,,10.20.4.150,10.20.4.100,mac-c,mac-a,1
,3b:7a,6,4.0,,,10637.0,,10.20.4.100,10.20.4.150,mac-a,mac-c,1
,f3:17,6,5.0,,,,,10.20.4.150,10.20.4.100,mac-c,mac-a,1
,f3:17,6,5.0,,,10655.0,,10.20.4.100,10.20.4.150,mac-a,mac-c,1
,d2:1b,6,6.0,,,,,10.20.4.150,10.20.4.100,mac-c,mac-a,1
,d2:1b,6,6.0,,,10673.0,,10.20.4.100,10.20.4.150,mac-a,mac-c,1
,65:c6,6,7.0,,,,,10.20.4.150,10.20.4.100,mac-c,mac-a,1
,65:c6,6,7.0,,,10691.0,,10.20.4.100,10.20.4.150,mac-a,mac-c,1
,fa:9e,6,8.0,,,,,10.20.4.150,10.20.4.100,mac-c,mac-a,1
,fa:9e,6,8.0,,,10709.0,,10.20.4.100,10.20.4.150,mac-a,mac-c,1
,3b:32,6,9.0,,,,,10.20.4.150,10.20.4.100,mac-c,mac-a,1
,3b:32,6,9.0,,,10727.0,,10.20.4.100,10.20.4.150,mac-a,mac-c,1
,,3,0.0,,,,10.0,10.20.4.200,10.20.4.100,mac-b,mac-a,0
20.0,,3,,"0,1,2,3,4,5,6,7,8,9","39396,32245,11588,4159,15226,62231,53787,26054,64158,15154",10779.0,,10.20.4.100,10.20.4.200,mac-a,mac-b,0
,,3,0.0,,,,10.0,10.20.4.200,10.20.4.100,mac-b,mac-a,0
20.0,,3,,"0,1,2,3,4,5,6,7,8,9","39396,32245,11588,4159,15226,62231,53787,26054,64158,15154",10826.0,,10.20.4.100,10.20.4.200,mac-a,mac-b,0
,8b:1a,6,0.0,,,,,10.20.4.150,10.20.4.100,mac-c,mac-a,1
,8b:1a,6,0.0,,,10858.0,,10.20.4.100,10.20.4.150,mac-a,mac-c,1
,37:15,6,1.0,,,,,10.20.4.150,10.20.4.100,mac-c,mac-a,1
,37:15,6,1.0,,,10876.0,,10.20.4.100,10.20.4.150,mac-a,mac-c,1
,3d:b8,6,2.0,,,,,10.20.4.150,10.20.4.100,mac-c,mac-a,1
,3d:b8,6,2.0,,,10894.0,,10.20.4.100,10.20.4.150,mac-a,mac-c,1
,85:4b,6,3.0,,,,,10.20.4.150,10.20.4.100,mac-c,mac-a,1
,85:4b,6,3.0,,,10912.0,,10.20.4.100,10.20.4.150,mac-a,mac-c,1
,cf:ca,6,4.0,,,,,10.20.4.150,10.20.4.100,mac-c,mac-a,1
,cf:ca,6,4.0,,,10930.0,,10.20.4.100,10.20.4.150,mac-a,mac-c,1
,af:b1,6,5.0,,,,,10.20.4.150,10.20.4.100,mac-c,mac-a,1
,af:b1,6,5.0,,,10949.0,,10.20.4.100,10.20.4.150,mac-a,mac-c,1
,f9:54,6,6.0,,,,,10.20.4.150,10.20.4.100,mac-c,mac-a,1
,f9:54,6,6.0,,,10967.0,,10.20.4.100,10.20.4.150,mac-a,mac-c,1
,99:99,6,7.0,,,,,10.20.4.150,10.20.4.100,mac-c,mac-a,1
,99:99,6,7.0,,,10981.0,,10.20.4.100,10.20.4.150,mac-a,mac-c,1
,f6:fb,6,8.0,,,,,10.20.4.150,10.20.4.100,mac-c,mac-a,1
,f6:fb,6,8.0,,,11003.0,,10.20.4.100,10.20.4.150,mac-a,mac-c,1
,42:67,6,9.0,,,,,10.20.4.150,10.20.4.100,mac-c,mac-a,1
,42:67,6,9.0,,,11021.0,,10.20.4.100,10.20.4.150,mac-a,mac-c,1
,,3,0.0,,,,10.0,10.20.4.200,10.20.4.100,mac-b,mac-a,0
20.0,,3,,"0,1,2,3,4,5,6,7,8,9","35610,14101,15800,34123,53194,44977,63828,39321,63227,16999",11072.0,,10.20.4.100,10.20.4.200,mac-a,mac-b,0
,,3,0.0,,,,10.0,10.20.4.200,10.20.4.100,mac-b,mac-a,0
20.0,,3,,"0,1,2,3,4,5,6,7,8,9","35610,14101,15800,34123,53194,44977,63828,39321,63227,16999",11154.0,,10.20.4.100,10.20.4.200,mac-a,mac-b,0
,b0:d1,6,0.0,,,,,10.20.4.150,10.20.4.100,mac-c,mac-a,1
,b0:d1,6,0.0,,,11192.0,,10.20.4.100,10.20.4.150,mac-a,mac-c,1
,a7:53,6,1.0,,,,,10.20.4.150,10.20.4.100,mac-c,mac-a,1
,a7:53,6,1.0,,,11210.0,,10.20.4.100,10.20.4.150,mac-a,mac-c,1
,04:8e,6,2.0,,,,,10.20.4.150,10.20.4.100,mac-c,mac-a,1
,04:8e,6,2.0,,,11228.0,,10.20.4.100,10.20.4.150,mac-a,mac-c,1
,a1:85,6,3.0,,,,,10.20.4.150,10.20.4.100,mac-c,mac-a,1
,a1:85,6,3.0,,,11246.0,,10.20.4.100,10.20.4.150,mac-a,mac-c,1
,34:1a,6,4.0,,,,,10.20.4.150,10.20.4.100,mac-c,mac-a,1
,34:1a,6,4.0,,,11264.0,,10.20.4.100,10.20.4.150,mac-a,mac-c,1
,ac:34,6,5.0,,,,,10.20.4.150,10.20.4.100,mac-c,mac-a,1
,ac:34,6,5.0,,,11282.0,,10.20.4.100,10.20.4.150,mac-a,mac-c,1
,8b:45,6,6.0,,,,,10.20.4.150,10.20.4.100,mac-c,mac-a,1
,8b:45,6,6.0,,,11300.0,,10.20.4.100,10.20.4.150,mac-a,mac-c,1
,4f:48,6,7.0,,,,,10.20.4.150,10.20.4.100,mac-c,mac-a,1
,4f:48,6,7.0,,,11318.0,,10.20.4.100,10.20.4.150,mac-a,mac-c,1
,c9:2f,6,8.0,,,,,10.20.4.150,10.20.4.100,mac-c,mac-a,1
,c9:2f,6,8.0,,,11336.0,,10.20.4.100,10.20.4.150,mac-a,mac-c,1
,a7:f9,6,9.0,,,,,10.20.4.150,10.20.4.100,mac-c,mac-a,1
,a7:f9,6,9.0,,,11354.0,,10.20.4.100,10.20.4.150,mac-a,mac-c,1
,,3,0.0,,,,10.0,10.20.4.200,10.20.4.100,mac-b,mac-a,0
20.0,,3,,"0,1,2,3,4,5,6,7,8,9","45265,42835,1166,41349,13338,44084,35653,20296,51503,43001",11400.0,,10.20.4.100,10.20.4.200,mac-a,mac-b,0
,,3,0.0,,,,10.0,10.20.4.200,10.20.4.100,mac-b,mac-a,0
20.0,,3,,"0,1,2,3,4,5,6,7,8,9","45265,42835,1166,41349,13338,44084,35653,20296,51503,43001",11465.0,,10.20.4.100,10.20.4.200,mac-a,mac-b,0
,b0:3b,6,0.0,,,,,10.20.4.150,10.20.4.100,mac-c,mac-a,1
,b0:3b,6,0.0,,,11506.0,,10.20.4.100,10.20.4.150,mac-a,mac-c,1
,2d:77,6,1.0,,,,,10.20.4.150,10.20.4.100,mac-c,mac-a,1
,2d:77,6,1.0,,,11524.0,,10.20.4.100,10.20.4.150,mac-a,mac-c,1
,85:21,6,2.0,,,,,10.20.4.150,10.20.4.100,mac-c,mac-a,1
,85:21,6,2.0,,,11542.0,,10.20.4.100,10.20.4.150,mac-a,mac-c,1
,d8:4e,6,3.0,,,,,10.20.4.150,10.20.4.100,mac-c,mac-a,1
,d8:4e,6,3.0,,,11560.0,,10.20.4.100,10.20.4.150,mac-a,mac-c,1
,03:35,6,4.0,,,,,10.20.4.150,10.20.4.100,mac-c,mac-a,1
,03:35,6,4.0,,,11578.0,,10.20.4.100,10.20.4.150,mac-a,mac-c,1
,27:98,6,5.0,,,,,10.20.4.150,10.20.4.100,mac-c,mac-a,1
,27:98,6,5.0,,,11596.0,,10.20.4.100,10.20.4.150,mac-a,mac-c,1
,46:30,6,6.0,,,,,10.20.4.150,10.20.4.100,mac-c,mac-a,1
,46:30,6,6.0,,,11614.0,,10.20.4.100,10.20.4.150,mac-a,mac-c,1
,bb:a2,6,7.0,,,,,10.20.4.150,10.20.4.100,mac-c,mac-a,1
,bb:a2,6,7.0,,,11632.0,,10.20.4.100,10.20.4.150,mac-a,mac-c,1
,84:58,6,8.0,,,,,10.20.4.150,10.20.4.100,mac-c,mac-a,1
,84:58,6,8.0,,,11650.0,,10.20.4.100,10.20.4.150,mac-a,mac-c,1
,47:f6,6,9.0,,,,,10.20.4.150,10.20.4.100,mac-c,mac-a,1
,47:f6,6,9.0,,,11668.0,,10.20.4.100,10.20.4.150,mac-a,mac-c,1
,,3,0.0,,,,10.0,10.20.4.200,10.20.4.100,mac-b,mac-a,0
20.0,,3,,"0,1,2,3,4,5,6,7,8,9","45115,11639,34081,55374,821,10136,17968,48034,33880,18422",11719.0,,10.20.4.100,10.20.4.200,mac-a,mac-b,0
,,3,0.0,,,,10.0,10.20.4.200,10.20.4.100,mac-b,mac-a,0
20.0,,3,,"0,1,2,3,4,5,6,7,8,9","45115,11639,34081,55374,821,10136,17968,48034,33880,18422",11772.0,,10.20.4.100,10.20.4.200,mac-a,mac-b,0
,81:a4,6,0.0,,,,,10.20.4.150,10.20.4.100,mac-c,mac-a,1
,81:a4,6,0.0,,,11806.0,,10.20.4.100,10.20.4.150,mac-a,mac-c,1
,cd:d0,6,1.0,,,,,10.20.4.150,10.20.4.100,mac-c,mac-a,1
,cd:d0,6,1.0,,,11824.0,,10.20.4.100,10.20.4.150,mac-a,mac-c,1
,f0:3a,6,2.0,,,,,10.20.4.150,10.20.4.100,mac-c,mac-a,1
,f0:3a,6,2.0,,,11842.0,,10.20.4.100,10.20.4.150,mac-a,mac-c,1
,ee:33,6,3.0,,,,,10.20.4.150,10.20.4.100,mac-c,mac-a,1
,ee:33,6,3.0,,,11860.0,,10.20.4.100,10.20.4.150,mac-a,mac-c,1
,96:8a,6,4.0,,,,,10.20.4.150,10.20.4.100,mac-c,mac-a,1
,96:8a,6,4.0,,,11878.0,,10.20.4.100,10.20.4.150,mac-a,mac-c,1
,02:39,6,5.0,,,,,10.20.4.150,10.20.4.100,mac-c,mac-a,1
,02:39,6,5.0,,,11896.0,,10.20.4.100,10.20.4.150,mac-a,mac-c,1
,c7:12,6,6.0,,,,,10.20.4.150,10.20.4.100,mac-c,mac-a,1
,c7:12,6,6.0,,,11914.0,,10.20.4.100,10.20.4.150,mac-a,mac-c,1
,0d:dd,6,7.0,,,,,10.20.4.150,10.20.4.100,mac-c,mac-a,1
,0d:dd,6,7.0,,,11932.0,,10.20.4.100,10.20.4.150,mac-a,mac-c,1
,73:a8,6,8.0,,,,,10.20.4.150,10.20.4.100,mac-c,mac-a,1
,73:a8,6,8.0,,,11950.0,,10.20.4.100,10.20.4.150,mac-a,mac-c,1
,07:9d,6,9.0,,,,,10.20.4.150,10.20.4.100,mac-c,mac-a,1
,07:9d,6,9.0,,,11968.0,,10.20.4.100,10.20.4.150,mac-a,mac-c,1
,,3,0.0,,,,10.0,10.20.4.200,10.20.4.100,mac-b,mac-a,0
20.0,,3,,"0,1,2,3,4,5,6,7,8,9","33188,52688,61498,60979,38538,569,50962,3549,29608,1949",12022.0,,10.20.4.100,10.20.4.200,mac-a,mac-b,0
,,3,0.0,,,,10.0,10.20.4.200,10.20.4.100,mac-b,mac-a,0
20.0,,3,,"0,1,2,3,4,5,6,7,8,9","33188,52688,61498,60979,38538,569,50962,3549,29608,1949",12086.0,,10.20.4.100,10.20.4.200,mac-a,mac-b,0
,,3,0.0,,,,10.0,10.20.4.150,10.20.4.100,mac-c,mac-a,1
20.0,,3,,"0,1,2,3,4,5,6,7,8,9","33188,52688,61498,60979,38538,569,50962,3549,29608,1949",12124.0,,10.20.4.100,10.20.4.150,mac-a,mac-c,1
,,3,0.0,,,,10.0,10.20.4.200,10.20.4.100,mac-b,mac-a,0
20.0,,3,,"0,1,2,3,4,5,6,7,8,9","33188,52688,61498,60979,38538,569,50962,3549,29608,1949",12160.0,,10.20.4.100,10.20.4.200,mac-a,mac-b,0
,,3,0.0,,,,10.0,10.20.4.200,10.20.4.100,mac-b,mac-a,0
20.0,,3,,"0,1,2,3,4,5,6,7,8,9","33188,52688,61498,60979,38538,569,50962,3549,29608,1949",12213.0,,10.20.4.100,10.20.4.200,mac-a,mac-b,0
,,3,0.0,,,,10.0,10.20.4.200,10.20.4.100,mac-b,mac-a,0
20.0,,3,,"0,1,2,3,4,5,6,7,8,9","33188,52688,61498,60979,38538,569,50962,3549,29608,1949",12288.0,,10.20.4.100,10.20.4.200,mac-a,mac-b,0
,,3,0.0,,,,10.0,10.20.4.200,10.20.4.100,mac-b,mac-a,0
20.0,,3,,"0,1,2,3,4,5,6,7,8,9","33188,52688,61498,60979,38538,569,50962,3549,29608,1949",12355.0,,10.20.4.100,10.20.4.200,mac-a,mac-b,0
,,3,0.0,,,,10.0,10.20.4.200,10.20.4.100,mac-b,mac-a,0
20.0,,3,,"0,1,2,3,4,5,6,7,8,9","33188,52688,61498,60979,38538,569,50962,3549,29608,1949",12418.0,,10.20.4.100,10.20.4.200,mac-a,mac-b,0
